<?xml version="1.0"?>
<?xml-stylesheet type="text/xsl" href="configuration.xsl"?>

<configuration>

<property>
  <name>ssl.client.truststore.location</name>
  <value>keystore</value>
  <description>Truststore to be used by clients like distcp. Must be
  specified.
  </description>
</property>

<property>
  <name>ssl.client.truststore.password</name>
  <value>password</value>
  <description>Optional. Default value is "".
  </description>
</property>

<property>
  <name>ssl.client.truststore.type</name>
  <value>jks</value>
  <description>Optional. Default value is "jks".
  </description>
</property>

<property>
  <name>ssl.client.keystore.location</name>
  <value>keystore</value>
  <description>Keystore to be used by clients like distcp. Must be
  specified.
  </description>
</property>

<property>
  <name>ssl.client.keystore.password</name>
  <value>password</value>
  <description>Optional. Default value is "".
  </description>
</property>

<property>
  <name>ssl.client.keystore.keypassword</name>
  <value>password</value>
  <description>Optional. Default value is "".
  </description>
</property>

<property>
  <name>ssl.client.keystore.type</name>
  <value>jks</value>
  <description>Optional. Default value is "jks".
  </description>
</property>

</configuration>
